{"cameraMode":{"drawMode":0,"name":"Shaded","section":"Shading Mode"},"sceneLighting":true,"audioPlay":false,"sceneViewState":{"showFog":true,"showMaterialUpdate":false,"showSkybox":true,"showFlares":true,"showImageEffects":true,"showParticleSystems":true},"in2DMode":false,"pivot":{"x":29.248027801513673,"y":45.08512496948242,"z":-61.88037109375},"rotation":{"x":0.025540171191096307,"y":0.1433849334716797,"z":-0.0037127358373254539,"w":0.9893772006034851},"size":175.21426391601563,"orthographic":false}